"Number_of_Restaurants","City","State","Income_Mean","Income_Median"
2,"Chantilly","VA",190865,300000
2,"Agoura Hills","CA",182475,300000
1,"Clarksville","MD",170772,180731.5
1,"Cypress","CA",163746.5,235034
1,"Manhattan Beach","CA",162495.25,181582.5
1,"Southlake","TX",158531,300000
2,"Ellicott City","MD",154167,229817.4
1,"Jericho","NY",148568.33333333334,152384.33333333334
1,"Burlingame","CA",147438.5,223761.5
1,"Bellmore","NY",145410,216687
1,"Westborough","MA",142576,300000
1,"Chanhassen","MN",140455,126689
1,"Fairfax","VA",134946,200121.27272727274
1,"Olmsted Falls","OH",134124,126545
1,"Redmond","WA",133288.875,194882.625
1,"Granite Bay","CA",132808,126823
1,"Palo Alto","CA",131706.11111111112,151176.22222222222
1,"Cary","IL",130324.75,159766.75
1,"Gurnee","IL",129296.66666666667,221246.33333333334
2,"Shakopee","MN",126672,122458
1,"Kingsburg","CA",124958,108583
2,"Hilliard","OH",123961.75,204194.25
1,"Santa Clara","CA",123682.09090909091,179375
1,"Arlington","MA",123628.83333333333,170922.16666666666
2,"West Linn","OR",122818,106896.33333333333
2,"Glastonbury","CT",121767.5,300000
1,"Sunnyvale","CA",121553.5,132776
1,"Budd Lake","NJ",119379,300000
1,"Milpitas","CA",119131.6,122828.2
1,"Coopersburg","PA",118849,300000
1,"Watertown","MA",118624.33333333333,229034.33333333334
1,"Norwood","NJ",118113,94877
1,"Pleasantville","NY",118072,108164
1,"Wilmington","MA",118001,111923
1,"San Ramon","CA",117885.4,141478.2
1,"Highland Park","IL",117319,103436.33333333333
1,"Encinitas","CA",117298.5,109243.25
1,"Mandeville","LA",116183.5,160830.75
1,"Park City","UT",116005,113647.66666666667
1,"Culver City","CA",115271.5,149461
1,"Cypress","TX",115092.6,174232.6
1,"Falls Church","VA",114352.75,152513.58333333334
1,"Milford","OH",113953.8,180203.4
2,"Yorktown","VA",113416.33333333333,169872.66666666666
2,"Algonquin","IL",113415,104450.5
1,"Mountain View","CA",112980.66666666667,134245
5,"Fremont","CA",112430.4705882353,134866.82352941178
1,"Cedarburg","WI",112242,156563
1,"Newbury Park","CA",111982,99308.66666666667
1,"Spring Hill","TN",111931,300000
2,"Ann Arbor","MI",111892.9375,174064.75
2,"Campbell","CA",111889.14285714286,155007.42857142858
1,"Centereach","NY",111347,197125.5
1,"Milford","CT",111142,165094
1,"Dublin","CA",110983.5,107038
1,"Keller","TX",110490.71428571429,156830.2857142857
1,"Edmond","OK",109995.66666666667,172842.33333333334
2,"Costa Mesa","CA",109889.73333333334,172005
1,"Cary","NC",109838.14285714286,149078.92857142858
1,"Maynard","MA",109797,300000
3,"Cumming","GA",109073.23076923077,188154.23076923078
1,"Hanover","MD",108511,98963
1,"Alexandria","VA",108140.59375,149468.9375
1,"Germantown","TN",108095.4,151309
1,"Hercules","CA",108030,300000
1,"Angleton","TX",108019,300000
1,"Townsend","MA",107414,95132
3,"Columbia","MD",107126.75,145654.5
1,"Hicksville","NY",106777.8,209837.4
1,"Woodbridge","VA",106563.6875,198687.25
1,"Savage","MN",106253.5,191337.75
1,"Morrisville","NC",106140,98872
1,"Valencia","CA",105715,170748.66666666666
1,"Tallmadge","OH",105576,181283.5
1,"Walpole","MA",105385.5,190948.5
1,"Eagle River","AK",105052,101289
1,"Gambrills","MD",104516,93034
1,"Fair Oaks","CA",104319.75,141350
2,"Lake Orion","MI",104105.66666666667,153944
2,"Spring","TX",103716.875,142590.25
2,"Woodland Hills","CA",103284.5,83455.75
1,"Castle Rock","CO",102775.33333333333,94497
2,"Collierville","TN",102503.5,136100.75
1,"Santee","CA",102443.66666666667,224036.66666666666
1,"Norwalk","CT",102360.375,112487.75
1,"Uniondale","NY",102260.33333333333,225739
1,"Pacific","MO",102151,79385
2,"Bear","DE",102027,95612
1,"Daly City","CA",101587.57142857143,152009.2857142857
5,"Gilbert","AZ",101024.57142857143,145477.14285714287
7,"San Francisco","CA",100856.92207792206,109217.58441558441
1,"Coram","NY",100813,96378
1,"Canton","MI",100790.71428571429,127134
1,"West Chester","PA",100704.9,95209.9
1,"San Jose","CA",100633.87671232877,139497.61643835617
2,"Manassas","VA",100282.83333333333,121785.25
1,"Destin","FL",100225.66666666667,141970
2,"Carlsbad","CA",100168.71428571429,123259.57142857143
1,"Bridge City","TX",99902,100384
1,"Laurel","MD",99771.25,162924.25
1,"Roswell","GA",99487.75,91091
2,"Chapel Hill","NC",99427.42857142857,109558.71428571429
3,"Huntington Beach","CA",99406.05555555556,112902.72222222222
1,"Silver Spring","MD",99404.52,133481.96
1,"Elkridge","MD",99126.75,93645.75
3,"Dana Point","CA",99085,86530
1,"League City","TX",98822.33333333333,86547.33333333333
1,"Baldwin","NY",98643,235466.66666666666
1,"Albany","CA",98633,300000
1,"Chalfont","PA",98509,88863
1,"Wylie","TX",98277.5,142235.75
1,"Encino","CA",97549.4,128601
1,"Bellaire","TX",97232,162023
2,"Castro Valley","CA",96963.75,188303.75
1,"Los Alamitos","CA",96732,120644.66666666667
1,"Bixby","OK",96586,81741
1,"Diamond Bar","CA",96565,85127.5
1,"Johnstown","CO",96140,85333
1,"Lake Oswego","OR",95924.25,80517.25
1,"Fenton","MO",95576.33333333333,143026
1,"Pismo Beach","CA",95542,94742
1,"Granada Hills","CA",95490,196103.66666666666
2,"Roseville","CA",95488.63636363637,118634.27272727272
1,"Woburn","MA",95390,246367
1,"South San Francisco","CA",95084.2,171852.8
1,"Missouri City","TX",94731.5,84875
1,"Towson","MD",94547.66666666667,145849
2,"Newport Beach","CA",94533,86169
1,"Torrance","CA",94377.8947368421,135338.15789473685
1,"Chesterton","IN",94306.5,200293.5
1,"Hobe Sound","FL",94255.25,182279.5
2,"Parker","CO",94175.33333333333,159754.5
2,"Mount Ephraim","NJ",94124,300000
1,"Woodstock","GA",94119.6,130407.4
1,"Irvine","CA",94079.85714285714,116929.28571428571
1,"Cave Creek","AZ",94018.4,122769.8
2,"Canyon Country","CA",93745,120129
2,"Plymouth","MI",93479,210958
1,"Polo","IL",93308,80414
1,"Frederick","MD",93294.25,133635.41666666666
1,"North Babylon","NY",93256,300000
1,"Boulder","CO",93236.54545454546,114068.45454545454
1,"Amityville","NY",93164.66666666667,142273.66666666666
1,"Westerville","OH",93012.2,168924.6
1,"Glen Cove","NY",92934.5,173039
1,"Lomita","CA",92814.66666666667,80528
1,"Santa Clarita","CA",92791,86748
4,"Littleton","CO",92676.94444444444,119737.61111111111
1,"Bettendorf","IA",92486,208722
1,"Thousand Oaks","CA",92375.4,116625.2
1,"Dickinson","ND",92355.33333333333,150854.66666666666
1,"Camarillo","CA",92316,81028
1,"Osseo","MN",91833,76739
1,"Hendersonville","TN",91811.5,115554.33333333333
1,"Riverhead","NY",91750.5,180238
1,"Bishop","CA",91625,84997
1,"Glenview","IL",91600.5,69075.75
1,"Santa Barbara","CA",91477.5,136623.85714285713
2,"Ankeny","IA",90891,83104.66666666667
1,"Bay Shore","NY",90761.75,75221.5
1,"Attleboro","MA",90517,219289.66666666666
1,"Yelm","WA",90482,88809
1,"Plymouth","MA",90388.28571428571,112241.42857142857
1,"Wadsworth","OH",90371,78255
1,"Battleboro","NC",90341,69967
1,"White Lake","MI",89740.5,184671.5
1,"Benicia","CA",89735.66666666667,148597
1,"Alameda","CA",89726.375,72782.25
3,"Buford","GA",89717,78265
1,"Waltham","MA",89713.16666666667,109348.66666666667
2,"Auburn","CA",89314.66666666667,146092
1,"Rutherford","NJ",89306,300000
2,"Chino","CA",89300.91666666667,138879.5
5,"Chandler","AZ",89289.14285714286,118475
2,"Mooresville","NC",89245,78923.66666666667
1,"Independence","OH",89219,86317
4,"Acworth","GA",89157,120652.8
3,"Pleasant Hill","CA",89125.5,113652.5
1,"Concord","CA",88914.76923076923,162947.92307692306
1,"Chatsworth","CA",88913.25,80503.75
9,"New York","NY",88873.6275862069,100340.43448275862
1,"Plainfield","IN",88826,300000
2,"Altadena","CA",88514,181586.5
1,"Westbury","NY",88471.2,111460
1,"Huron","OH",88419,72600
1,"Macomb","MI",88382.4,117556
1,"Chaska","MN",88375.66666666667,78138.66666666667
1,"Bentonville","AR",88334.33333333333,154319.66666666666
1,"Pea Ridge","AR",88152.5,183875.5
1,"Lindenhurst","NY",88108.2,161688.8
1,"Oswego","IL",88053.66666666667,81699
2,"Louisville","OH",88044,300000
1,"Midland","TX",87921.69230769231,137734.76923076922
1,"North Royalton","OH",87793.5,72418.5
3,"Northridge","CA",87760.5,104353.83333333333
1,"Bethel Park","PA",87627.6,120850.8
1,"East Meadow","NY",87598,173168.5
1,"West Covina","CA",87499.3,124947
1,"Capitola","CA",87396,65357
1,"Johnson Creek","WI",87126,76191
1,"Belmont","CA",86987,63839.5
1,"Kennesaw","GA",86927,187683.5
7,"Marietta","GA",86857.88461538461,91905.19230769231
2,"Howell","MI",86721.66666666667,111807
1,"Rowland Heights","CA",86717,79179.33333333333
1,"Flagstaff","AZ",86617,100245
1,"Somerville","MA",86481,120159.11111111111
1,"Evans","GA",86398.8,169877.6
2,"Palm Desert","CA",86266,134782
3,"Corona","CA",86253.71428571429,107735.14285714286
1,"San Rafael","CA",86090.14285714286,76441.57142857143
7,"Scottsdale","AZ",86029.4761904762,98693.28571428571
1,"Upland","CA",85846.83333333333,142180.16666666666
1,"Webster","MA",85824,68440
1,"San Dimas","CA",85523.8,115112.6
1,"Colchester","VT",85489,174819.5
1,"Windsor","CO",85313.33333333333,77080
10,"Seattle","WA",85278.70769230768,105755.8
2,"Hartland","MI",85260,78442
1,"Seal Beach","CA",85255,182658
3,"Burleson","TX",85204.83333333333,112442
1,"Sebastopol","CA",85159.33333333333,141788
1,"Rockwall","TX",85112.25,248446.25
6,"San Diego","CA",85061.71844660194,110044.73786407767
1,"Sebastian","FL",84858.66666666667,91185.66666666667
1,"Richardson","TX",84850.11111111111,146801.88888888888
2,"Henderson","NV",84789.8,116706.04
1,"Medina","OH",84772.8,121841
1,"Oak Creek","WI",84579.75,74752.75
1,"Plover","WI",84348,74616
2,"Elko","NV",84232.25,132248.25
2,"Royal Oak","MI",83927,70870.2
1,"Covina","CA",83829.57142857143,136411.14285714287
2,"Summerville","SC",83706.375,100735.125
1,"Derry","NH",83690,178407.5
1,"Converse","TX",83680.5,80760.5
1,"Niles","IL",83646.5,134105.75
1,"Winter Springs","FL",83643,181655
1,"Estero","FL",83515.66666666667,68674.33333333333
2,"Fredericksburg","VA",83512.375,68639.5
2,"Downey","CA",83078.1875,124512.5
1,"Greensboro","GA",83026,214846.5
2,"Renton","WA",83002.23076923077,104815.23076923077
1,"Yulee","FL",82905,70640
2,"Arcadia","CA",82843.6,111776
1,"Gilroy","CA",82760.6,66575
5,"Puyallup","WA",82667.85714285714,130196.14285714286
1,"Carrollton","TX",82515.36363636363,128510.81818181818
2,"Montgomery","IL",82441.5,182826.5
1,"Roosevelt","NY",82338,78373.5
1,"Pasadena","CA",82274.25,108683.5
4,"Catonsville","MD",82212.5,60861.5
1,"Clarkston","MI",82094,111391.6
1,"Hurst","TX",81920.33333333333,219420.33333333334
1,"Fountain Hills","AZ",81844.5,71744.25
3,"Yonkers","NY",81780.42857142857,132785.7142857143
1,"Claymont","DE",81708,74601
1,"Chardon","OH",81605.5,184353.25
1,"Franklin","WI",81402.5,63965
1,"La Habra","CA",81280.71428571429,107664
1,"Rothschild","WI",81263,80209
1,"Williamstown","NJ",81062.6,165739
2,"West Hills","CA",81006.4,108682.6
2,"Willow Grove","PA",80833.33333333333,146970.66666666666
1,"Perry","GA",80802,64217
1,"Pickerington","OH",80657,300000
1,"East Aurora","NY",80647.5,66735
2,"Manchester","CT",80609.42857142857,104157
1,"Lodi","CA",80606.125,90228.125
3,"Hixson","TN",80588.33333333333,136061
1,"Whitmore Lake","MI",80383.5,65641.5
2,"Hood River","OR",80334,300000
1,"Homewood","IL",80326,77630
3,"Austin","TX",80293.5875,100559.7875
1,"Rohnert Park","CA",80212.2,156059.2
2,"Hyattsville","MD",80181.88888888889,72398.77777777778
1,"Owasso","OK",80072.33333333333,142601
5,"Cambridge","MA",80046.08333333333,74773.66666666667
2,"Fairbanks","AK",79965.25,177972.125
1,"Sedona","AZ",79936.5,182377
1,"North Richland Hills","TX",79921,71247.75
2,"Glen Burnie","MD",79881.75,71798.875
1,"Williamsburg","VA",79716.6,107556.2
1,"Bedford","TX",79670.66666666667,141465.66666666666
1,"Zachary","LA",79647,186618
3,"Fullerton","CA",79418.54545454546,174472.45454545456
1,"Springboro","OH",79409,70709
2,"Chico","CA",79356.4,107537.7
1,"Simpsonville","SC",79264.16666666667,68037.66666666667
2,"Davison","MI",79261.25,178294.75
1,"Sunland","CA",79207,169213
1,"Denver","PA",79187.66666666667,145238
3,"Metairie","LA",79158.78571428571,100333.14285714286
2,"Kernersville","NC",79150.8,155046.6
1,"Breese","IL",79136.5,70390
3,"Boston","MA",79133.11764705883,59771.882352941175
1,"Brunswick","OH",78949,73287.25
3,"Salt Lake City","UT",78847.57142857143,105993
1,"Ottawa","OH",78795,300000
1,"Crestview","FL",78789.5,179915
2,"North Canton","OH",78496.66666666667,139689.66666666666
5,"Glendale","CA",78447.125,92637.6875
2,"Sierra Vista","AZ",78433.2,102620.6
1,"Union","MO",78320,68999
2,"Cabot","AR",78277,68846
3,"Dallas","GA",78098.75,69145.25
1,"Farmington","MI",78006.5,65786.5
1,"Duarte","CA",77921.25,71209
1,"Clermont","FL",77772.33333333333,68765
2,"Virginia Beach","VA",77764.625,114946.275
4,"El Cajon","CA",77735.25,101859.91666666667
1,"Portage","MI",77675,148520.8
4,"Chula Vista","CA",77633.41176470589,69186.70588235294
1,"Grapevine","TX",77607,66852.33333333333
1,"Whitehouse","OH",77530,300000
1,"Morton","IL",77526.5,66794
1,"Bedford","OH",77500.25,119477.75
1,"Jersey City","NJ",77297.13043478261,66250.43478260869
1,"Brandon","FL",77236,91728.22222222222
1,"Brigham City","UT",77187,300000
1,"Taunton","MA",76927.25,120489.75
3,"Oregon City","OR",76906.4,67771.8
2,"Dickson","TN",76643.33333333333,144695
8,"Atlanta","GA",76480.66129032256,74091.5
1,"Casper","WY",76464,65316.5
2,"Conroe","TX",76234.375,67136.25
1,"Arroyo Grande","CA",76230.66666666667,139652.66666666666
2,"Berwyn","IL",76189,164177.6
1,"Port Washington","WI",76134,66464
1,"Mitchell","SD",76106,187867
1,"Fairless Hills","PA",76055,69920.5
1,"Central Islip","NY",76052,132559.33333333334
1,"Sullivan","IL",75736,174892.5
1,"Lowell","MI",75628.66666666667,65081
2,"Alhambra","CA",75486.22222222222,59440.11111111111
2,"Burnsville","MN",75411,176169.5
2,"West Sacramento","CA",75391,300000
1,"Glendale Heights","IL",75298,70031.2
1,"Plattsmouth","NE",75158,300000
1,"Ringgold","GA",75157,64915
1,"Watertown","SD",74880,170235
2,"Canoga Park","CA",74876.71428571429,94398.42857142857
1,"Oakland","CA",74826.14035087719,87993.35087719298
1,"Whitinsville","MA",74814,63671
1,"Hayward","CA",74699,116343.15384615384
1,"Arvada","CO",74636.66666666667,80163
1,"Winter Park","FL",74571.83333333333,62394.333333333336
1,"Auburn","WA",74413.5,110401.5
1,"Molalla","OR",74394,300000
4,"Meridian","ID",74342,63002.666666666664
1,"Bethalto","IL",74164.5,64077
14,"Portland","OR",74163.734375,92130.328125
1,"Oregon","OH",74102.5,177038.5
1,"Warwick","RI",74073.77777777778,88943.55555555556
1,"Reseda","CA",74054.5,60568.5
2,"Columbia City","IN",74034.33333333333,221935
3,"Fairfield","CA",73944.88888888889,118154.55555555556
2,"Santa Rosa","CA",73909.22222222222,76981.94444444444
3,"Long Beach","CA",73900.72727272728,88051.25
5,"Santa Ana","CA",73419.91304347826,102493.95652173914
1,"Traverse City","MI",73362.125,121565.75
1,"Goodland","KS",73328,58237
1,"Franklin","IN",73304.25,121599
1,"Lewes","DE",73248,52030.5
2,"Brea","CA",73237.33333333333,60939.333333333336
3,"Charlottesville","VA",73104.25,77336.41666666667
1,"Lindstrom","MN",73083,63158
1,"Newton","IL",72948,65787.5
1,"Harrison","OH",72820,65267
2,"Boynton Beach","FL",72778.15384615384,101273
2,"Murfreesboro","TN",72714.45454545454,102936.90909090909
2,"Newnan","GA",72561.66666666667,62475.666666666664
1,"Davis","CA",72537.8,56501.6
2,"Bellflower","CA",72411.44444444444,85877.88888888889
1,"Anaheim","CA",72411,124430.61904761905
1,"Cambridge","MD",72262.5,63463
2,"Vallejo","CA",72252.92857142857,123516.5
2,"Lexington","SC",72236.6,61543.6
1,"Charles Town","WV",72206.5,171954.5
3,"Christiansburg","VA",72170,57901
2,"Cody","WY",72151,300000
2,"Rochester","MN",72102.92857142857,138477.64285714287
2,"Colorado Springs","CO",72100.88636363637,97020.36363636363
2,"Ebensburg","PA",72095,65467
3,"Brighton","CO",72041.75,117138.5
1,"Ocean Springs","MS",72026,50427.333333333336
1,"Frankenmuth","MI",71957,49788
14,"Minneapolis","MN",71931.66037735852,93715.71698113208
1,"Fremont","NE",71926.75,62094
1,"Englewood","CO",71827.16666666667,60064
3,"Weatherford","TX",71695,121254.25
3,"La Puente","CA",71689.9,113085.7
1,"Holland","MI",71680.11111111111,91216.11111111111
1,"Highland","CA",71572.25,119868
1,"Mary Esther","FL",71541,56613
1,"Peru","IL",71536,300000
1,"Middletown","CT",71423,66684.5
1,"Nipomo","CA",71421,67881
1,"La Grange","TX",71400,67048
2,"Napoleon","OH",71100.5,58876
2,"Schenectady","NY",71010.33333333333,118136.8
2,"Appleton","WI",70830.27272727272,62299.72727272727
1,"Soda Springs","ID",70815,62716
1,"Ventura","CA",70730.44444444444,84752.44444444444
1,"Camp Hill","PA",70717,119219.5
1,"Neoga","IL",70684,300000
2,"Flowery Branch","GA",70659,60688
4,"Raleigh","NC",70615.6052631579,95246.65789473684
1,"Bozeman","MT",70605.6,147731.2
4,"Dallas","TX",70597.34166666666,89818.65833333334
1,"Wauchula","FL",70546,171140
1,"Aurora","OH",70392.5,60425
1,"Westminster","CA",70310.33333333333,56618.5
1,"Bolingbrook","IL",70249.2,100323.8
1,"Brawley","CA",70244.66666666667,50504.666666666664
1,"Tullahoma","TN",70218.66666666667,219868.33333333334
2,"Fairborn","OH",70179.33333333333,59868.333333333336
1,"Red Oak","TX",70083,57921
1,"Ponchatoula","LA",70050.5,60132
1,"Troutdale","OR",70002,60392
1,"Kahului","HI",69885.5,63404.5
1,"New Castle","DE",69764,54003.166666666664
2,"Arlington","TX",69631.29166666667,88018.33333333333
10,"Charlotte","NC",69630.29230769232,92478.2
1,"Pendleton","OR",69619.33333333333,136164.33333333334
5,"Saint Paul","MN",69522.03225806452,76027.67741935483
1,"De Pere","WI",69504.33333333333,59096.666666666664
3,"Van Nuys","CA",69274.23529411765,69099.64705882352
2,"Lemon Grove","CA",69245,59324.333333333336
1,"Peekskill","NY",69229.33333333333,59531.666666666664
1,"San Diego","TX",69156,44935
1,"Winnsboro","TX",69147,46224
1,"Gordonsville","VA",69097,59867
1,"Perryville","MO",68998,300000
1,"Fortuna","CA",68994,59364
2,"Ogden","UT",68991.28571428571,113885.35714285714
2,"Vancouver","WA",68988.48148148147,101635.37037037036
1,"Oberlin","OH",68957,66986
1,"Astoria","NY",68954.66666666667,56106.5
2,"Grand Prairie","TX",68954.42857142857,97715.85714285714
2,"Conyers","GA",68942.6,102507
1,"Watsonville","CA",68920.55555555556,51787.666666666664
1,"King City","CA",68913,55485.666666666664
3,"Bryant","AR",68876.33333333333,140892.83333333334
2,"Manchester","NH",68842.09090909091,98779
1,"Garden Grove","CA",68785.66666666667,87657.2
1,"Boulder City","NV",68758,51254
1,"Orange Park","FL",68730.44444444444,86134.66666666667
1,"Spring Grove","PA",68660,61389.333333333336
5,"Denver","CO",68615.37681159421,80527.49275362318
6,"Glendale","AZ",68602.5,92191.10714285714
1,"Coldwater","MI",68443.66666666667,57175
1,"Danvers","MA",68430,300000
1,"Bellingham","WA",68421.18181818182,78474.90909090909
1,"Gonzales","LA",68358.33333333333,145628
1,"Frankfort","NY",68347,59384.5
1,"Aiken","SC",68318,117242.71428571429
1,"Snyder","TX",68305,52899
13,"Houston","TX",68297.5,92485.22767857143
1,"Santa Maria","CA",68236.55555555556,107414.66666666667
2,"Palmetto","FL",68230.16666666667,61181.166666666664
1,"Centreville","MI",68004,63795
1,"Santa Fe","NM",67874.57142857143,50775.92857142857
4,"Surprise","AZ",67853.33333333333,89782.46666666666
1,"Cambridge","MN",67820.33333333333,56905.333333333336
1,"Ririe","ID",67786,300000
1,"Carmichael","CA",67756.14285714286,83037.85714285714
1,"Findlay","OH",67736.6,56851.8
1,"Gretna","LA",67605,54542.8
18,"Brooklyn","NY",67557.96819787986,67770.9964664311
1,"Keene","NH",67534.5,65350.5
1,"Aliquippa","PA",67456,57618.333333333336
1,"Xenia","OH",67377,106127.5
5,"Columbia","SC",67323.45454545454,98181
2,"Trenton","MI",67179,55950
1,"Riverside","CA",67173.48387096774,95226.64516129032
4,"Sioux Falls","SD",67099.73333333334,107628.6
1,"Kenner","LA",67074.57142857143,85283.14285714286
5,"Green Bay","WI",67049,71378.52631578948
1,"Kingston","NY",67048.14285714286,90492.14285714286
1,"Romulus","MI",67031.25,58546
1,"Bourbonnais","IL",67005.66666666667,128585.33333333333
1,"Norway","MI",66752,55484
1,"Lenoir City","TN",66717,173659
1,"Pooler","GA",66620,57712
1,"Bellevue","NE",66586.57142857143,123008.57142857143
1,"Waterford","MI",66545.41666666667,75379.08333333333
2,"Aurora","CO",66509.5,90935.5625
1,"Sylvania","OH",66501,56332
1,"Charleston","SC",66367.75,52645.8125
5,"Tacoma","WA",66359.9375,78267
1,"Round Lake","IL",66354,55029
1,"Pierre","SD",66347,53142
1,"Southaven","MS",66262.66666666667,58224.333333333336
1,"Mableton","GA",66201,54831.5
1,"Wendell","NC",66191.33333333333,130787.66666666667
1,"Prince Frederick","MD",66185,51363
1,"Marrero","LA",66134.5,112362.5
1,"Alden","NY",66095,58163
1,"Conway","AR",66072,85812.42857142857
1,"Post Falls","ID",65992,132635.66666666666
3,"Blountville","TN",65982.5,174503.5
1,"Maryland Heights","MO",65965,57637
1,"Walla Walla","WA",65899.2,106949
2,"Florence","SC",65885.75,110299.875
1,"Norfolk","NE",65803.2,104002
4,"Roanoke","VA",65699.14285714286,129359.78571428571
1,"Delaware","OH",65694.66666666667,92637.66666666667
1,"Livingston","MT",65692,51007.5
1,"Van","TX",65657.5,58227.5
1,"Neenah","WI",65554.75,59653.75
1,"Corpus Christi","TX",65552,85253.25
1,"Eureka","CA",65540.71428571429,52462.42857142857
1,"Monahans","TX",65499,51862
1,"Hawthorne","CA",65463,86717.57142857143
1,"Evanston","WY",65367,191693.5
1,"North Tonawanda","NY",65080.4,58056.6
1,"Wise","VA",65000,53595
1,"Rutland","VT",64958.5,53099
2,"Tallahassee","FL",64958.333333333336,107240.20833333333
2,"Lake Havasu City","AZ",64940.5,119914.75
1,"Irmo","SC",64925.5,173918
2,"Navarre","FL",64919.333333333336,51458
1,"Florence","KY",64905,55404.333333333336
1,"Elmhurst","NY",64898.555555555555,51433.666666666664
1,"Amarillo","TX",64852.76,92547.04
1,"Beaufort","SC",64788.333333333336,97061.5
1,"Cordova","TN",64779,57107.833333333336
2,"Florissant","MO",64770.333333333336,83059.88888888889
2,"Moline","IL",64750.5,55948
2,"Lafayette","LA",64713.181818181816,87265.63636363637
1,"Richmond","CA",64711.555555555555,109158.33333333333
1,"Gunnison","CO",64691.666666666664,55386.333333333336
5,"Tempe","AZ",64657.5,56220
4,"Sacramento","CA",64649.954545454544,90192.5
1,"Oceanside","CA",64538.07692307692,53834.307692307695
1,"Jefferson City","MO",64469.142857142855,122318.42857142857
1,"Perry","OK",64436,54623
1,"Auburn","MI",64412,56146
1,"Festus","MO",64364,59038
2,"Bend","OR",64329.42857142857,87141.42857142857
1,"Belleville","IL",64304.42857142857,156349.2857142857
4,"Hamilton","OH",64241.25,93117.41666666667
1,"Salina","KS",64218.166666666664,54889
1,"Ithaca","NY",64144.71428571428,42080
1,"Temple","TX",64124.333333333336,96229.5
1,"Lihue","HI",64096.5,185719
4,"Rapid City","SD",64086,79828.375
8,"Mesa","AZ",64056.51063829788,78104.76595744681
2,"Saint Clair Shores","MI",64045.22222222222,79758.77777777778
4,"Carson","CA",63984,54105
7,"Chicago","IL",63975.973154362415,65355.20469798658
2,"Chestertown","MD",63869,51707
2,"Boise","ID",63788.88888888889,90399.27777777778
1,"Melrose Park","IL",63780.333333333336,131452
3,"Albuquerque","NM",63773.38983050847,97945.81355932204
1,"Palos Hills","IL",63753,52189
3,"Peoria","AZ",63725.23529411765,80397.05882352941
1,"Bartlesville","OK",63671.6,91699.6
1,"Grand Junction","CO",63617.72727272727,95007.18181818182
1,"Nashville","NC",63609,43159
1,"Chippewa Falls","WI",63583,165257.5
4,"Fort Worth","TX",63485.194444444445,92542.77777777778
1,"Cuero","TX",63475,36585
1,"Baltimore","MD",63442.964539007095,63328.29787234042
1,"Silverdale","WA",63316.2,94870.8
1,"Swanton","OH",63256,59013
4,"Louisville","KY",63227.920454545456,96017.30681818182
1,"Pittsburgh","PA",63196.054945054944,80147.14285714286
5,"Douglasville","GA",63184.125,144916.75
6,"Cincinnati","OH",63121.58823529412,71330.90588235293
1,"West Warwick","RI",63108.666666666664,132122.33333333334
1,"Haughton","LA",63104,49545
1,"South Saint Paul","MN",63002.666666666664,57470
1,"Cheyenne","WY",62977,120491.375
2,"Aurora","IL",62934.92857142857,107149.28571428571
30,"Las Vegas","NV",62934.26923076924,86190.17692307693
1,"Norcross","GA",62884.857142857145,57619.71428571428
1,"Ionia","MI",62883,64252
1,"Little Elm","TX",62843,42947
1,"Rome","NY",62765.5,53830.166666666664
1,"Rensselaer","IN",62755,49319
1,"Normal","IL",62741,50714.2
1,"Granite City","IL",62740.25,58774.75
5,"Columbia","MO",62679.36363636363,66662
2,"Jonesborough","TN",62676.5,53516
2,"Corning","NY",62665.333333333336,47694.333333333336
1,"Warsaw","IN",62591.4,108319
1,"Richmond","VA",62566,74915.01851851853
1,"Monaca","PA",62537.5,50520
1,"West Lafayette","IN",62453.333333333336,49690.333333333336
1,"Blackfoot","ID",62447,131174.33333333334
1,"Marshall","MN",62428.666666666664,53807
2,"Little Rock","AR",62356.045454545456,61708.181818181816
1,"Sinton","TX",62356,60406.5
4,"Azusa","CA",62324.4,99367.2
1,"Gardena","CA",62308.857142857145,82591.85714285714
1,"Fountain Inn","SC",62308,49983
2,"Springdale","AR",62270.666666666664,49615
2,"Brookings","SD",62258.666666666664,49725
1,"Redmond","OR",62181.333333333336,50891.666666666664
1,"Whitefish","MT",62123,46963.5
1,"Midland","MI",62101,84731
1,"Monroe","MI",62084.444444444445,106643
1,"Galt","CA",62077,52014.333333333336
14,"Grand Rapids","MI",62063.32352941177,81931.35294117648
2,"Atascadero","CA",62049,50174
1,"Gladstone","OR",62031,55936
2,"Seaside","CA",61873.5,49378.25
1,"Janesville","WI",61841.11111111111,131844.44444444444
1,"Claremore","OK",61837,56168.5
2,"Alexandria","LA",61826.42857142857,70764.28571428571
1,"Del Rio","TX",61804.333333333336,44168.333333333336
3,"Baldwin Park","CA",61803.666666666664,135612.5
1,"Clearwater","FL",61774.2,47896.05
10,"Los Angeles","CA",61724.55701754386,73435.83333333333
3,"Port Allen","LA",61655,44543
1,"La Quinta","CA",61644,48166.5
2,"Allendale","MI",61596.666666666664,54368.333333333336
8,"Knoxville","TN",61573.34375,62480.03125
1,"Jasper","IN",61539,51787.5
1,"Yucaipa","CA",61501,93050
1,"Columbia","PA",61482,51135
13,"Miami","FL",61431.58333333334,70615.475
1,"Tonawanda","NY",61399.4,146482
2,"Fort Lauderdale","FL",61297.470588235294,61552
1,"Sulphur","LA",61212.6,43936.8
3,"San Antonio","TX",61195.11851851852,76895.44444444444
2,"Auburn Hills","MI",61089.333333333336,50015.333333333336
9,"Nashville","TN",61077.97777777777,86660.6
1,"Sparks","NV",61020,112890.23076923077
2,"Clarion","PA",61018,300000
1,"Des Moines","IA",60983.96153846154,74831
1,"Abingdon","VA",60952.5,47182.5
1,"Petersburg","IL",60940,54607
1,"Greensburg","PA",60879.2,98843.2
1,"Humble","TX",60879,111415.75
1,"Schuylkill Haven","PA",60827,51372.5
1,"Grand Island","NE",60752.833333333336,50381.5
1,"Goshen","IN",60647.333333333336,135387.66666666666
3,"Canonsburg","PA",60630.5,48354.5
2,"Myrtle Beach","SC",60626.25,47438.5
1,"Dover","DE",60621,143407.6
2,"Antioch","CA",60612.5,87696
3,"Ames","IA",60589.80000000001,55986
2,"Omaha","NE",60543.8253968254,83962.8253968254
1,"Brookville","OH",60486.5,52728
2,"Freeport","IL",60474.8,96537.2
1,"Asheville","NC",60457.1,95030.6
1,"Jamestown","ND",60445,47129.5
1,"Frankfort","KY",60424.5,52375.333333333336
1,"Bridgeville","PA",60410,50601
1,"Ontario","CA",60365.692307692305,71871.69230769231
1,"Bossier City","LA",60339.5,168520.25
1,"Lapeer","MI",60339.333333333336,50457.333333333336
2,"Martinsburg","WV",60329.166666666664,93205
2,"Reynoldsburg","OH",60301.8,102368.6
1,"Mishawaka","IN",60252.4,52253
1,"Thomasville","NC",60183,52535.5
1,"Ridgeland","MS",60175,172191
1,"Grinnell","IA",60173.5,169611.5
2,"Grove City","OH",60118.57142857143,55180.71428571428
4,"Pompano Beach","FL",60104.2,46169.8
1,"Moorhead","MN",60101.8,49048.8
1,"Pontiac","IL",60099,51962
1,"Carrollton","GA",60065.333333333336,45336.666666666664
1,"Norristown","PA",59990.28571428572,81226.42857142857
2,"Decatur","GA",59983.166666666664,68817.08333333333
1,"Selah","WA",59971,42944
1,"Winterville","NC",59956,62242
1,"North Miami Beach","FL",59943.75,114780.25
2,"Belvidere","IL",59932.333333333336,50325.333333333336
2,"Lebanon","TN",59855.333333333336,120834.66666666667
1,"Chino Hills","CA",59836,46521
1,"Victoria","TX",59764.25,76369
1,"Kalispell","MT",59749.5,52521
1,"Wharton","TX",59737,48904
1,"Batavia","OH",59723.2,51310.8
1,"White House","TN",59668,50339
2,"Oshkosh","WI",59641.75,81239.125
2,"Bloomington","IN",59621.083333333336,67424.75
3,"Massillon","OH",59565.333333333336,52055.11111111111
1,"Pontiac","MI",59548.4,46982.2
1,"Willows","CA",59532,40422
2,"Panama City","FL",59462.875,78969.125
1,"Cape Coral","FL",59442.61538461538,85313.23076923077
1,"Mansfield","PA",59399.5,49068.5
1,"Jessup","MD",59387,300000
5,"Bakersfield","CA",59350.868421052626,89388.44736842105
4,"Salem","OR",59294.692307692305,48855.307692307695
1,"Portage","IN",59247.75,46402.25
1,"Harlan","IA",59218,112742.5
1,"Kearney","NE",59137.666666666664,50816
1,"Faribault","MN",59060.333333333336,50686.333333333336
1,"Snow Shoe","PA",59040,49778
6,"Baton Rouge","LA",58993.17142857143,69642.31428571428
1,"Alexandria","MN",58920.5,46120.5
1,"Quincy","IL",58896.833333333336,83411.66666666667
1,"Farmville","NC",58838,42893
1,"Coffeyville","KS",58825.5,44839.5
2,"Paris","TX",58783.333333333336,48423.333333333336
2,"Kingman","AZ",58772,206962.66666666666
2,"North Augusta","SC",58700.333333333336,122770.33333333333
4,"Fontana","CA",58646.38461538462,85852.46153846153
1,"Richton Park","IL",58622,47808.666666666664
5,"Canton","OH",58607.1875,75983.1875
8,"Spokane","WA",58531.964285714275,84426.71428571429
11,"Orlando","FL",58527.93478260869,52459.63043478261
1,"Norman","OK",58510.583333333336,84925
1,"Melbourne","FL",58459,84960.83333333333
2,"Eau Claire","WI",58446.42857142857,85535.85714285714
1,"Old Hickory","TN",58394,300000
2,"Wichita","KS",58381.295454545456,67845.68181818182
2,"East Peoria","IL",58379,45209
1,"Modesto","CA",58324.90476190476,105321.47619047618
2,"El Monte","CA",58231.63636363636,66734.09090909091
1,"Cape Girardeau","MO",58216.6,85351.6
2,"Hollywood","FL",58189.153846153844,104066.61538461539
1,"Spanish Fork","UT",58123.666666666664,130742.66666666667
1,"Mankato","MN",58107.8,43715.6
1,"Winamac","IN",57984,300000
1,"Owensboro","KY",57953.625,78128.125
1,"Crescent City","CA",57953,49913
1,"Enid","OK",57930.833333333336,88670.33333333333
1,"Morgan City","LA",57901.333333333336,126886.33333333333
2,"Milton","FL",57852.166666666664,49662
2,"Battle Creek","MI",57822.153846153844,65382.53846153846
1,"Hutchinson","KS",57819.8,44120
1,"Borger","TX",57815,51191.666666666664
1,"Princeton","TX",57765,58511
1,"Machesney Park","IL",57757.6,48832
6,"Fresno","CA",57730.14893617021,65852.14893617021
1,"Lumberton","NC",57678.875,44386.25
2,"Athens","GA",57656.6,45459.2
2,"Gresham","OR",57625.5,91960.66666666667
2,"Tampa","FL",57624.756410256414,76252.21794871795
1,"Independence","MO",57612.2,75763.7
1,"Murray","KY",57602.5,42116
1,"Redding","CA",57592.9,44433.1
20,"Phoenix","AZ",57559.19200000002,64688.736
1,"Lady Lake","FL",57486,51663
2,"Marion","OH",57435.166666666664,48878.666666666664
1,"Elkton","MD",57425,45757
3,"Rochester","NY",57411.42372881356,78518.86440677966
2,"Eugene","OR",57379.05882352941,102514.76470588235
1,"Dublin","VA",57310.25,46797.25
1,"Grandville","MI",57304,54404
1,"Dixon","IL",57282.5,49904
1,"Cuyahoga Falls","OH",57269.833333333336,94225.33333333333
1,"Corvallis","OR",57260,69572.77777777778
1,"New Iberia","LA",57241,91081.4
2,"Mesquite","TX",57218.416666666664,68213
1,"Waterloo","IA",57186.25,49727.25
1,"Astoria","OR",57163.5,48724.5
1,"Grand Blanc","MI",57134.5,104231.25
2,"Salisbury","NC",57025.2,45684.8
2,"Clarksville","TN",57012.5,91596.75
1,"High Point","NC",56975.5,70267.33333333333
2,"Mason","OH",56968.4,41589.4
1,"Waynesboro","PA",56958.333333333336,129271.33333333333
4,"Albany","NY",56957.21428571428,131951.57142857142
1,"San Luis Obispo","CA",56946.2,94733.4
2,"Apopka","FL",56894.833333333336,43891.5
1,"Vinita","OK",56822,43567
3,"Lynchburg","VA",56810.125,80540.875
1,"Lavonia","GA",56790.666666666664,43575.333333333336
1,"Grover Beach","CA",56701,300000
3,"Tulsa","OK",56694.95454545455,56594.34090909091
1,"Smithville","TN",56662.666666666664,35240.666666666664
1,"Maryville","TN",56525,45569.6
1,"Springfield","IL",56501.529411764706,45766.94117647059
1,"Tiffin","OH",56484.5,48760.25
1,"Newland","NC",56456,42270
1,"Lakeland","FL",56450.76190476191,58622.80952380953
1,"Gallipolis","OH",56429.5,41911
1,"Keego Harbor","MI",56428,42532
1,"Chicopee","MA",56342,50183.75
1,"Mount Vernon","IL",56322,47509.5
4,"Norfolk","VA",56312.96296296296,73373.81481481482
1,"Marion","IL",56295.666666666664,45605.333333333336
1,"Montgomery","AL",56275.04761904762,91560.57142857143
4,"Kissimmee","FL",56263.5,44080.875
1,"Lawndale","CA",56150.25,109943.25
1,"Dinuba","CA",56137,41066
1,"Plant City","FL",56040.6,92414.2
19,"Tucson","AZ",56039.25641025641,68407.41025641025
2,"Decatur","IL",56016.583333333336,47799.333333333336
1,"Anderson","SC",56014.333333333336,101354.44444444444
1,"Palm Bay","FL",55990.375,43632.375
1,"Montrose","MI",55985.5,47341
2,"Hesperia","CA",55908.75,51387.75
2,"Saint Clairsville","OH",55903,46690
1,"Kingsport","TN",55899.25,42612.875
3,"Avondale","AZ",55891.25,54213
2,"Springfield","OH",55848.857142857145,80910.78571428571
1,"Cambridge","OH",55740.666666666664,49204.333333333336
1,"Billings","MT",55707.916666666664,89123.41666666667
1,"Miami Gardens","FL",55673.4,45177.6
2,"Wyoming","MI",55668.4,146328.6
1,"Kirksville","MO",55592.5,44339.5
1,"Hudsonville","MI",55531,39775
2,"Jacksonville","NC",55469.5,95105
1,"Wagoner","OK",55349,300000
7,"Jacksonville","FL",55344.40677966102,70440.15254237287
2,"Pullman","WA",55335,45840.5
1,"Wickliffe","OH",55334.5,49188.5
1,"Ephrata","PA",55294.666666666664,45614.333333333336
2,"Campbellsville","KY",55225.5,41653.5
2,"Wichita Falls","TX",55137.333333333336,61753.8
3,"Pekin","IL",55117,125328.33333333333
1,"Indio","CA",55105.8,45309.6
3,"Citrus Heights","CA",55089.75,79440.375
1,"Aberdeen","SD",55044,47793.333333333336
2,"Lubbock","TX",55025.318181818184,56733.545454545456
1,"Marion","VA",55019,39708.333333333336
2,"Saint Clair","PA",55003,46711
2,"Ashland","KY",55000.333333333336,43936.666666666664
1,"Hyde Park","MA",54998.5,45020
1,"Lincoln","IL",54975,51174.5
2,"Lebanon","PA",54842.75,49660.5
3,"Warner Robins","GA",54812.5,126728
1,"Saint Marys","OH",54804,39445
1,"Taylorville","IL",54757,42989
1,"Hawkinsville","GA",54743,45688
1,"Ravenna","OH",54672.666666666664,46722
1,"Las Cruces","NM",54668.07142857143,59034.42857142857
2,"Cleveland","TN",54643.71428571428,45505.71428571428
1,"Bridgeport","MI",54632,54908
1,"Hemet","CA",54605.333333333336,42557.22222222222
1,"Monroe","GA",54562.666666666664,45541.666666666664
1,"Fitchburg","MA",54553.25,111213
1,"Dalton","GA",54479,65579.22222222222
3,"Rockford","IL",54458.63999999999,68497.16
1,"Martins Ferry","OH",54383.5,45350.5
9,"Indianapolis","IN",54372.035714285725,58630.416666666664
2,"Alpena","MI",54361.8,40435.4
1,"Scottsbluff","NE",54356.5,38949.5
2,"Lake Worth","FL",54346.4,39599.4
1,"Oneida","NY",54322,46080
1,"Goldsboro","NC",54314,42700.6
2,"Junction City","KS",54279.5,41483.5
1,"Missoula","MT",54189.333333333336,66112.77777777778
1,"Essex Junction","VT",54178,56778
1,"Sidney","OH",54173.333333333336,133444.33333333334
2,"Cartersville","GA",54156,127985.33333333333
3,"Hagerstown","MD",54142,45145.5
1,"Inglewood","CA",54139.454545454544,42972.545454545456
1,"Apache Junction","AZ",54092.666666666664,122305.66666666667
2,"Bradenton","FL",54056.25,57166.55
1,"Aledo","IL",54015,46321
2,"Adairsville","GA",53935,55242
1,"Wausau","WI",53926.6,43129.4
2,"North Las Vegas","NV",53911,46264.230769230766
3,"Yuma","AZ",53900.8125,72538.4375
1,"Atoka","OK",53881,33273
2,"Maysville","KY",53833.666666666664,32979.333333333336
1,"Seaford","DE",53812.5,43612
1,"Alice","TX",53805,30317.5
1,"El Paso","TX",53773.484375,75852.015625
1,"Berwick","PA",53762.5,110317.25
1,"Sumter","SC",53736.22222222222,70230.66666666667
2,"Joliet","IL",53728.53846153846,65947.69230769231
2,"Crawfordsville","IN",53723.5,43736.75
1,"National City","CA",53709,41104.5
1,"West Monroe","LA",53697.25,42880.75
1,"Nogales","AZ",53646,43252
1,"Kenly","NC",53492,40627.5
1,"Middlefield","OH",53457,42852
1,"Bowdon","GA",53423,38615
4,"Greensboro","NC",53407.07407407407,60370.7037037037
1,"Elyria","OH",53401.666666666664,48687.166666666664
1,"Knoxville","IA",53371,40868
1,"Newton Falls","OH",53341,44491
1,"Providence","RI",53309.15789473684,92500.31578947368
1,"Martinsville","VA",53262.75,41950
1,"Hampton","VA",53259.357142857145,57586.42857142857
2,"Thibodaux","LA",53223.5,47971.5
1,"North Versailles","PA",53201.5,40956.5
1,"Oglesby","IL",53132,51210
2,"Mobridge","SD",53131,41848
2,"Kansas City","MO",53109.637931034486,69118.20689655172
1,"Salisbury","MD",53057.5,107716.75
1,"Albany","OR",52950,49922.25
1,"Syracuse","NY",52921.208333333336,69047.04166666667
1,"Shelbyville","IN",52869,44802.666666666664
2,"Compton","CA",52853.5,43186
1,"Clarkston","WA",52793.333333333336,40994
1,"Guthrie","OK",52749,50762
1,"Ottumwa","IA",52727.8,88099.4
1,"Covington","GA",52697.8,91719.6
3,"Delavan","WI",52655.5,43139
1,"Sevierville","TN",52605,108209.5
2,"Lancaster","CA",52545.78571428572,42524.57142857143
1,"Longview","WA",52511.333333333336,45030.666666666664
8,"Philadelphia","PA",52394.29310344828,66293.7643678161
1,"North Bend","OR",52347,41439
1,"Imperial Beach","CA",52337.666666666664,46903
4,"Fayetteville","NC",52299.15789473684,42744.78947368421
2,"Biloxi","MS",52263.125,74818.5
1,"La Crosse","WI",52260.142857142855,78039.57142857143
1,"Connersville","IN",52241.333333333336,47845.333333333336
1,"Newton","NC",52231.5,43186.5
1,"Great Falls","MT",52175.88888888889,44438.555555555555
2,"Lithonia","GA",52168,174142.75
4,"Gainesville","GA",52154.333333333336,70826.88888888889
1,"Ashland","OH",52144.333333333336,84089.16666666667
1,"Murphy","NC",52143,37521
1,"Roseburg","OR",52105,127799.66666666667
1,"Twin Falls","ID",52087.333333333336,39545.666666666664
1,"Byesville","OH",52074,44251
1,"Greenville","SC",52054.78947368421,51901.42105263158
1,"Sun City","AZ",52042,44224
2,"Conover","NC",52001.75,43762
1,"Quincy","FL",51983,126160.33333333333
1,"Beech Grove","IN",51950.666666666664,127353.33333333333
1,"Mansfield","OH",51937.71428571428,76243.85714285714
2,"Grantsville","MD",51930,39725
2,"Dodge City","KS",51912.333333333336,128722.33333333333
8,"Springfield","MA",51910.705882352944,94147.41176470589
1,"Wooster","OH",51899,41915.2
2,"Loganville","GA",51882,173908.5
1,"North Vernon","IN",51852.5,44468
3,"Yakima","WA",51842,65828.54545454546
1,"Marshalltown","IA",51841.666666666664,52663.666666666664
1,"Circleville","OH",51824.25,45265.75
1,"Pasadena","TX",51702.61538461538,43787.92307692308
1,"New Albany","IN",51673.166666666664,40293.666666666664
2,"Turlock","CA",51614.71428571428,76834.42857142857
1,"Nampa","ID",51590.5,103551.75
5,"Akron","OH",51568.142857142855,50195.68571428571
4,"Lexington","NC",51472,70092.875
1,"Jonesboro","GA",51456.75,47282.75
1,"Cornersville","TN",51436,44931.5
3,"Medford","OR",51416.125,105092.375
8,"Chattanooga","TN",51403.2380952381,77834.90476190476
2,"Bellefontaine","OH",51386.25,112141.75
1,"Ferdinand","IN",51358,44461
1,"Grants Pass","OR",51334.4,142284.6
1,"Burton","MI",51319.666666666664,42308.333333333336
3,"Abilene","TX",51258.923076923085,79425.53846153847
2,"New Orleans","LA",51234.30303030303,47154.969696969696
1,"Bridgeview","IL",51224,30898
3,"Shreveport","LA",51218.916666666664,60883.583333333336
1,"Toccoa","GA",51213.666666666664,118808.33333333333
1,"Greenwood","SC",51189.4,143705.2
2,"Monmouth","IL",51173,36554
1,"West Frankfort","IL",51170,40865
1,"Oneida","TN",51127,31853
1,"North Chicago","IL",51108,40616.5
1,"Lakewood","WA",51032.833333333336,81153.83333333333
5,"Lima","OH",51029.3,41430.2
1,"Parkersburg","WV",51022,78166.33333333333
1,"Coos Bay","OR",51011.5,35808.75
1,"Jackson","MI",50927.692307692305,79264.23076923077
9,"Oklahoma City","OK",50889.22727272728,59865
2,"Peoria","IL",50822.666666666664,60333.75
2,"Savannah","GA",50793.04,72294.48
3,"Barstow","CA",50790.333333333336,43055.333333333336
2,"Gastonia","NC",50753.09090909091,86124.18181818182
1,"Springfield","OR",50747.71428571428,42420.142857142855
1,"Longview","TX",50653.333333333336,68202.66666666667
1,"Warren","MI",50617,66901.11111111111
1,"Chamberlain","SD",50613.5,42901
1,"Farmville","VA",50611,34754
1,"San Marcos","TX",50558.8,41955.4
1,"Randleman","NC",50526,38130
2,"Belle Glade","FL",50462.5,42417.25
1,"Bloomsburg","PA",50407.333333333336,31415.333333333332
4,"Milledgeville","GA",50398.75,46119.25
1,"Mount Carmel","IL",50333,42030.5
3,"Newport News","VA",50323.17647058823,83365.5294117647
1,"Drumright","OK",50263,36529
2,"New Philadelphia","OH",50129,36213.75
1,"Columbia","TN",50089,41998.75
3,"Milwaukee","WI",50052.506172839516,61747.01234567901
1,"Saint Cloud","MN",50037.42857142857,40112
2,"Defiance","OH",50036.333333333336,36573
1,"Sanford","ME",49993,40585.333333333336
1,"Mount Airy","NC",49971.4,140926.2
1,"Toppenish","WA",49958,164049.5
3,"Tulare","CA",49913.6,38866.6
1,"Elizabeth City","NC",49910.8,191036.6
1,"Hazelwood","MO",49905.5,46042.5
1,"Ocala","FL",49889.57142857143,76606.57142857143
1,"Worthington","MN",49883.75,41735
2,"Houma","LA",49868.6,39116.4
1,"Wayne","MI",49762.5,38931
1,"Titusville","PA",49740,45871
2,"Lake Elsinore","CA",49658.25,105874.5
2,"Brooksville","FL",49644,37784.5
2,"Evansville","IN",49594.09523809524,78885
1,"Rusk","TX",49529,42634
2,"Carthage","NC",49475.5,33423.5
15,"Columbus","OH",49446.906666666655,57126.933333333334
1,"Deltona","FL",49445.666666666664,42101.666666666664
5,"Erie","PA",49424.55,75668.05
6,"Kalamazoo","MI",49402.75,55050.125
1,"Gainesville","TX",49382,33649
1,"Frostburg","MD",49380.666666666664,33645
1,"Charlevoix","MI",49371.5,36323
1,"Morganton","NC",49350.28571428572,42600
1,"Grandview","MO",49349.5,41627
4,"Lake Charles","LA",49340.166666666664,36698.25
1,"Houghton Lake","MI",49290.333333333336,34700.333333333336
1,"Wilburton","OK",49248,35054
1,"Winslow","AZ",49246,117110.33333333333
4,"Layton","UT",49216,157249
1,"Beeville","TX",49061,46535
2,"Ellijay","GA",49059.333333333336,40210
1,"Barnesville","GA",48963.333333333336,35453.333333333336
1,"East Lansing","MI",48868.71428571428,68280.85714285714
8,"Dayton","OH",48861.58333333333,49566.083333333336
1,"Berea","KY",48847.5,39655.5
1,"Bluffton","IN",48832.333333333336,39583.333333333336
2,"Birmingham","AL",48808.166666666664,46903.27777777778
1,"Independence","KS",48722,38431.5
3,"Newark","OH",48711.8888888889,66968.55555555556
1,"Alliance","OH",48708.2,40592.2
1,"Mount Pleasant","IA",48686.5,42469
1,"Louisburg","NC",48621,35572.333333333336
1,"Arcadia","FL",48594.333333333336,126342.33333333333
1,"Cleveland","TX",48569,25214
1,"Smithfield","NC",48555,35611
1,"Valdosta","GA",48521,39919.88888888889
1,"Griffin","GA",48498.5,41016.75
1,"Provo","UT",48474.1,60890.3
2,"Haines City","FL",48449.333333333336,123057.66666666667
1,"Deer Lodge","MT",48336,42402
2,"Gallatin","TN",48310,37395.5
1,"Eunice","LA",48302.5,34792
2,"Portsmouth","VA",48241.454545454544,42045.63636363636
1,"Durant","OK",48229.5,39331.25
1,"Columbus","MS",48220.4,38166.2
1,"New Port Richey","FL",48054.692307692305,39208.53846153846
1,"Fort Walton Beach","FL",47975.71428571428,74298.14285714286
1,"Ruston","LA",47941.75,34041
4,"Pensacola","FL",47905.846153846156,79827.5
1,"Pickens","SC",47824.333333333336,39344.333333333336
2,"Pearl","MS",47821.25,105573.75
2,"Urbana","IL",47744.75,99017.5
1,"Mocksville","NC",47694,39297
8,"Augusta","GA",47681.13333333333,66870.86666666667
1,"Tivoli","TX",47659,34375
1,"Toronto","OH",47582,44002.333333333336
1,"Bolivar","TN",47564,35947
1,"Dunn","NC",47505,29041.5
1,"Arapahoe","NE",47478.5,37517.5
1,"Penitas","TX",47424,38373
1,"Bastrop","LA",47418.666666666664,33411
1,"Farmington","MO",47345,39082
3,"Lincoln Park","MI",47273.4,40250.2
1,"Columbus","GA",47256.88888888889,52698.055555555555
1,"Barberton","OH",47251,87538.8
10,"Bronx","NY",47248.18791946309,52956.26845637584
2,"Clarksdale","MS",47223,39346.333333333336
1,"Girard","OH",47172,35925
2,"Newport","OR",47090,24483
1,"Cordele","GA",47084.333333333336,33077.666666666664
1,"Denison","TX",47079.25,104562.25
1,"Troy","AL",47058.5,35027
1,"Clarksburg","WV",47033.5,35642
1,"Nashville","GA",47001,37340
1,"Cicero","IL",46939.142857142855,151544
2,"Hinesville","GA",46869,40009
1,"Spearfish","SD",46868,32031
1,"Killeen","TX",46827.454545454544,63647.27272727273
1,"Kings Mountain","NC",46825.5,36212
5,"Jackson","MS",46776.22727272727,39673.954545454544
1,"Rantoul","IL",46698.5,41023
2,"Asheboro","NC",46651.5,35505.75
5,"Saginaw","MI",46586.833333333336,65869.66666666667
2,"Albert Lea","MN",46557.666666666664,37826.333333333336
4,"Taylor","MI",46429.57142857143,37958.42857142857
1,"Blue Ridge","GA",46424.5,37675.5
2,"Albany","GA",46413.53846153846,54255.46153846154
1,"Niagara Falls","NY",46315.77777777778,97096.11111111111
1,"Buckhannon","WV",46293,35432
1,"Avon Park","FL",46281.333333333336,40508
3,"Rome","GA",46280.333333333336,79074.66666666667
1,"Colton","CA",46271.2,91520.4
1,"Arkansas City","KS",46179.333333333336,37196.333333333336
1,"Cadillac","MI",46171,44624.5
1,"Libby","MT",45988.5,24291
1,"Poteau","OK",45978,39850
2,"East Liverpool","OH",45963.333333333336,38944.333333333336
3,"Beckley","WV",45882,26672.5
1,"Checotah","OK",45857.5,33314.5
3,"Gainesville","FL",45673.07142857143,36414.21428571428
1,"Chattahoochee","FL",45631.5,34604.5
1,"Washington Court House","OH",45621,36694
1,"Tarboro","NC",45562.5,34797.5
1,"Shepherdsville","KY",45421,38483
1,"Elkhart","IN",45321.444444444445,96677.22222222222
1,"Vermillion","SD",45280,28622.5
1,"Belle Vernon","PA",45255,29148
1,"Kansas City","KS",45206.80952380953,61596.333333333336
1,"Spencer","MA",45163,36772
2,"Effingham","IL",45144.5,38648
1,"John Day","OR",45138,32439
1,"Merced","CA",45038.818181818184,81762.72727272728
4,"Toledo","OH",44954.78048780488,54879.26829268293
1,"Florence","OR",44932,35109
1,"Bladenboro","NC",44886.5,32643
3,"Morrow","GA",44877.5,35844
1,"Cedartown","GA",44869,27568.5
1,"Fort Scott","KS",44852,37898
1,"Madison","TN",44818.25,34974
1,"Bluefield","WV",44778,32217
1,"New Lexington","OH",44756,40996
1,"Rockmart","GA",44585.5,30825.5
2,"Show Low","AZ",44578,31339.5
2,"Tyler","TX",44496.9,33631.8
1,"Rock Falls","IL",44491.333333333336,34781.333333333336
6,"Buffalo","NY",44445.6046511628,67380.67441860466
1,"Wapakoneta","OH",44396,35943
1,"Eloy","AZ",44278,33071.5
1,"Mattoon","IL",44221.75,34533.5
6,"Memphis","TN",44200.484375,42254
1,"Burley","ID",44136,174924.5
1,"Leitchfield","KY",43982,35993
1,"Fort Smith","AR",43954.6,34863.1
1,"Dunlap","TN",43877,28424
2,"Zanesville","OH",43846.5,32069.5
2,"Waco","TX",43830.5,67087.625
1,"West Branch","MI",43606.666666666664,33234.333333333336
1,"Marshall","MI",43426,35616
1,"Metter","GA",43320.5,34954
1,"Bryan","TX",43242,70012.28571428571
1,"Bangor","ME",43136.666666666664,30286.666666666668
1,"Thief River Falls","MN",43090,36531
1,"Morristown","TN",43042,33138
1,"Harrisburg","IL",43034.5,33856
1,"Ada","OK",42968,34875.333333333336
4,"Hialeah","FL",42962.529411764706,32107.176470588234
1,"Okeechobee","FL",42946,34171.5
2,"Middletown","OH",42924.125,33542
1,"Niles","OH",42824,35621
1,"Clinton","TN",42820,30409
3,"Youngstown","OH",42814.58823529412,77428.05882352941
1,"Eatonton","GA",42792.5,32858.5
1,"Loretto","TN",42790,32511
3,"Jackson","TN",42781.833333333336,37818.833333333336
1,"Gulfport","MS",42748.3,33135
1,"Spring Lake","NC",42733.333333333336,31682.666666666668
1,"Fort Pierce","FL",42724.666666666664,33675
2,"Cleburne","TX",42717.333333333336,32642
1,"Macomb","IL",42702,30484
1,"Uvalde","TX",42644.6,29336.8
3,"Spartanburg","SC",42595.28571428572,33947
1,"Moss Point","MS",42403.333333333336,121388.66666666667
2,"Piedmont","SC",42231.5,34373
1,"Cumberland","MD",42230.75,98708.75
2,"Lawton","OK",42194.6,56810.8
5,"Lansing","MI",42040.3125,50029.875
1,"Mullins","SC",41929.5,93845.5
6,"Macon","GA",41917.625,46370.9375
1,"Atlantic Beach","FL",41673,33570
1,"Pulaski","VA",41621,40012
1,"Kinston","NC",41615,87261
1,"Jonesboro","AR",41214.5,38266.666666666664
1,"Americus","GA",40788.4,25832.2
1,"Shelby","NC",40679.28571428572,31680
1,"Ontario","OR",40546.25,31504.5
2,"Monroe","LA",40518.416666666664,32956.5
1,"Dearborn","MI",40497.38461538462,32456.46153846154
1,"Hartwell","GA",40275.5,25896.5
1,"Graceville","FL",40247.5,28689.5
1,"Shelbyville","TN",40155.5,27796.5
1,"Eagle Pass","TX",40067.6,30545.2
1,"Burlington","NC",39861.5,64996.125
1,"Beaumont","TX",39811.21428571428,80790.5
1,"Healdton","OK",39668,38603
1,"Muncie","IN",39664.6,55443
1,"Ottawa","IL",39508,32603
2,"Danville","VA",39255.833333333336,28902
1,"Palatka","FL",39220.5,30383
2,"Marquette","MI",39145.5,32121.5
1,"Gaffney","SC",39010.142857142855,69874
1,"Hazel Park","MI",38950,31871.5
1,"Sherman","TX",38905.333333333336,28508
2,"Park Hills","MO",38863.666666666664,28590.333333333332
1,"Camden","NJ",38783.11111111111,55402.88888888889
1,"Red Springs","NC",38651.666666666664,25804
1,"Elberton","GA",38615.5,34291
1,"Dayton","TN",38409.5,27498.5
2,"Huntington Park","CA",38400,32094.666666666668
1,"Lawrenceville","VA",38389,32190.5
1,"Snow Hill","NC",38325,27386
1,"Mount Pleasant","MI",38320.333333333336,27424.666666666668
1,"Winnfield","LA",38288,26066
1,"Cedar City","UT",38278.5,29677.5
1,"Farmerville","LA",38268,16580
11,"Cleveland","OH",37589.323529411755,35241.544117647056
1,"Livingston","TN",37508,24838
1,"Presque Isle","ME",37396,31989.5
1,"Greeneville","TN",37374,30781.2
1,"Quitman","GA",37361.333333333336,28869
1,"Frackville","PA",37247,32020
1,"Fremont","OH",37112,27091.5
1,"Haleyville","AL",36736,20436
1,"Bonifay","FL",36730.666666666664,27528.333333333332
1,"Prosser","WA",36621,33324
1,"Daytona Beach","FL",36619.5,62134.625
1,"Union","SC",36560.25,27537.25
4,"Lenoir","NC",36395,95215.5
1,"Pulaski","TN",36316,23832
5,"Flint","MI",36224.041666666664,61869.875
1,"Brookhaven","MS",35964.5,26562.5
1,"Oak Ridge","TN",35847.25,27806.25
1,"Broken Bow","OK",35780,20809
6,"Detroit","MI",35734.86363636364,26177.263636363637
1,"Marion","IN",34931.666666666664,28218
1,"Monett","MO",34859,25100
1,"Hillsdale","MI",34800,24139
1,"Hamilton","TX",33599,300000
1,"Fitzgerald","GA",33164,30829.5
1,"Belton","SC",32658,19265
1,"Miami","OK",32534,21399
1,"Dexter","MO",32498,24819
1,"Sayre","PA",31469,19511
1,"Bartow","FL",31427,27682
1,"Ocilla","GA",30844,20999
1,"Kankakee","IL",30778.5,18765
3,"Opelousas","LA",30730.333333333332,19504.333333333332
1,"Greenville","AL",30564,21911
1,"Cleveland","MS",30117.5,18467
1,"Ellsworth","ME",29615,20696
1,"Eden","NC",28928,21151
1,"Parker","AZ",27839,21700
1,"Vandalia","IL",27773,17235
1,"West Helena","AR",27759.5,18927.5
1,"Central","SC",27406.5,22533
1,"Williamsburg","KY",27360,25582
1,"Clare","MI",27267,23233.5
1,"Hope","AR",27119.5,24509
2,"Eastland","TX",24793,21384
1,"Walton","NY",24505,14313
1,"El Paso","IL",0,0
1,"Winner","SD",0,0
2,"South Burlington","VT",0,0
